name,price,images,key_ingredients,size
COSRX The Blue Peptide Bakuchiol Plump Glow Serum,220.0,"https://cdn.shopify.com/s/files/1/0513/3775/6828/files/BluePeptide_Serum_00.jpg?v=1777444989,https://cdn.shopify.com/s/files/1/0513/3775/6828/files/BluePeptide_Serum_01_e12a9b68-8aca-4628-ba86-9b46beef3f49.jpg?v=1781770967,https://cdn.shopify.com/s/files/1/0513/3775/6828/files/BluePeptide__-_1_a80f0d8b-adf4-41db-b8cc-3d285079be19.jpg?v=1780659432,https://cdn.shopify.com/s/files/1/0513/3775/6828/files/BluePeptide_Serum_02__3.webp?v=1777521461,https://cdn.shopify.com/s/files/1/0513/3775/6828/files/BluePeptide_Serum_03.webp?v=1777521461,https://cdn.shopify.com/s/files/1/0513/3775/6828/files/BluePeptide_Serum_05.webp?v=1777521461,https://cdn.shopify.com/s/files/1/0513/3775/6828/files/BluePeptide_Serum_06_881b3d87-cdda-4aa9-bc5d-083fc7a29938.webp?v=1779356242,https://cdn.shopify.com/s/files/1/0513/3775/6828/files/BluePeptide_Serum_07_f40b94b8-8231-4c1a-93ac-962e1ccb5a46.webp?v=1779356251,https://cdn.shopify.com/s/files/1/0513/3775/6828/files/BluePeptide_Serum_08.webp?v=1777521460,https://cdn.shopify.com/s/files/1/0513/3775/6828/files/BluePeptide_Serum_10.webp?v=1779356257,https://cdn.shopify.com/s/files/1/0513/3775/6828/files/BluePeptide_Serum_11__3.webp?v=1777521460,https://cdn.shopify.com/s/files/1/0513/3775/6828/files/BluePeptide_Serum_14.webp?v=1777522179,https://cdn.shopify.com/s/files/1/0513/3775/6828/files/BluePeptide_Serum_15__2.webp?v=1777522179,https://cdn.shopify.com/s/files/1/0513/3775/6828/files/BluePeptide_Serum_17_5a79319f-0b1b-44bc-800e-733f54acbee9.webp?v=1779356260","Copper Peptide 0.5% (5,000ppm) + Bakuchiol 0.25% (2,500ppm)",50mL / 1.69 fl. oz.
COSRX The Blue Peptide Bakuchiol Plump Bounce Cream,230.0,"https://cdn.shopify.com/s/files/1/0513/3775/6828/files/BluePeptide_Cream_00.webp?v=1779876169,https://cdn.shopify.com/s/files/1/0513/3775/6828/files/BluePeptide_Cream_01__1.webp?v=1779876169,https://cdn.shopify.com/s/files/1/0513/3775/6828/files/BluePeptide__-_1_4a29784c-2bb4-4edb-bae8-8ae8587d4320.jpg?v=1780658817,https://cdn.shopify.com/s/files/1/0513/3775/6828/files/BluePeptide_Cream_02_1.webp?v=1779876169,https://cdn.shopify.com/s/files/1/0513/3775/6828/files/BluePeptide_Cream_03_1.webp?v=1779876169,https://cdn.shopify.com/s/files/1/0513/3775/6828/files/BluePeptide_Cream_05_1.webp?v=1779876169,https://cdn.shopify.com/s/files/1/0513/3775/6828/files/BluePeptide_Cream_06__1.webp?v=1779876169,https://cdn.shopify.com/s/files/1/0513/3775/6828/files/BluePeptide_Cream_07__1.webp?v=1779876169,https://cdn.shopify.com/s/files/1/0513/3775/6828/files/BluePeptide_Cream_08_2.webp?v=1779876702,https://cdn.shopify.com/s/files/1/0513/3775/6828/files/BluePeptide_Cream_09_1.webp?v=1779876169,https://cdn.shopify.com/s/files/1/0513/3775/6828/files/BluePeptide_Cream_10_c28a7c66-d165-4548-85f4-39395dd08677.webp?v=1779876216,https://cdn.shopify.com/s/files/1/0513/3775/6828/files/BluePeptide_Cream_12__1.webp?v=1779876511,https://cdn.shopify.com/s/files/1/0513/3775/6828/files/BluePeptide_Cream_13.webp?v=1779876800,https://cdn.shopify.com/s/files/1/0513/3775/6828/files/BluePeptide_Cream_16__1.webp?v=1779876654,https://cdn.shopify.com/s/files/1/0513/3775/6828/files/BluePeptide_Cream_17.webp?v=1779876217,https://cdn.shopify.com/s/files/1/0513/3775/6828/files/BluePeptide_Cream_18.webp?v=1779876616,https://cdn.shopify.com/s/files/1/0513/3775/6828/files/BluePeptide_Cream_19.webp?v=1779876578,https://cdn.shopify.com/s/files/1/0513/3775/6828/files/BluePeptide_Cream_22_1.webp?v=1779876216","Copper Peptide 0.5% (5,000ppm) + Bakuchiol 0.05% (500ppm)",50mL / 1.69 fl. oz.
Ultra-Light Invisible Sunscreen SPF50 PA++++,260.0,"https://cdn.shopify.com/s/files/1/0513/3775/6828/files/Ultra_light_invisible_800x1067_e5a058ed-afbb-4517-9516-58a1bf91b1aa.webp?v=1785303430,https://cdn.shopify.com/s/files/1/0513/3775/6828/files/Ultra_light_invisible_Sun_1_67b72102-93e5-431f-8ca7-450eec05fe5a.jpg?v=1716971740,https://cdn.shopify.com/s/files/1/0513/3775/6828/files/Ultra_light_invisible_Sun_3.jpg?v=1716862508,https://cdn.shopify.com/s/files/1/0513/3775/6828/files/Ultra_light_invisible_Sun_4.jpg?v=1716862508,https://cdn.shopify.com/s/files/1/0513/3775/6828/files/Ultra_light_invisible_Sun_9.jpg?v=1716862508,https://cdn.shopify.com/s/files/1/0513/3775/6828/files/Ultra_light_invisible_Sun_17_902e676e-e3ce-4fae-aaf8-1696d2e66226.jpg?v=1724837144,https://cdn.shopify.com/s/files/1/0513/3775/6828/files/Ultra_light_invisible_Sun_13.jpg?v=1724837146,https://cdn.shopify.com/s/files/1/0513/3775/6828/files/Ultra_light_invisible_Sun_10.jpg?v=1716862508,https://cdn.shopify.com/s/files/1/0513/3775/6828/files/Ultra_light_invisible_Sun_17.jpg?v=1724837142,https://cdn.shopify.com/s/files/1/0513/3775/6828/files/Ultra_light_invisible_Sun_14.jpg?v=1724837153,https://cdn.shopify.com/s/files/1/0513/3775/6828/files/Ultra_light_invisible_Sun_15.jpg?v=1716862508,https://cdn.shopify.com/s/files/1/0513/3775/6828/files/Ultra_light_invisible_Sun_16.jpg?v=1724837157",,"50mL / 1.69 fl. Oz * #1 Best Seller on Amazon in Facial Sunscreen (UK: 13 April – 13 May 2026, DE: 8 May – 19 May 2026)"
The 6 Peptide Skin Booster Serum,205.0,"https://cdn.shopify.com/s/files/1/0513/3775/6828/files/THE_6_PEPTIDE_SKIN_BOOSTER_SERUM___800x1067_1.webp?v=1784097536,https://cdn.shopify.com/s/files/1/0513/3775/6828/files/The6_Peptide_Serum_1.jpg?v=1786070297,https://cdn.shopify.com/s/files/1/0513/3775/6828/files/The6_Peptide_Serum_10.jpg?v=1786070295,https://cdn.shopify.com/s/files/1/0513/3775/6828/files/The6_Peptide_Serum_11.jpg?v=1786070295,https://cdn.shopify.com/s/files/1/0513/3775/6828/files/The6_Peptide_Serum_12.jpg?v=1786070295,https://cdn.shopify.com/s/files/1/0513/3775/6828/files/The6_Peptide_Serum_13.jpg?v=1786070296,https://cdn.shopify.com/s/files/1/0513/3775/6828/files/The6_Peptide_Serum_15.jpg?v=1786070296,https://cdn.shopify.com/s/files/1/0513/3775/6828/files/The6_Peptide_Serum_16_4be8a8b1-52aa-4fbb-b496-6464d3ae19f2.jpg?v=1786070296,https://cdn.shopify.com/s/files/1/0513/3775/6828/files/The6_Peptide_Serum_17.jpg?v=1786070295,https://cdn.shopify.com/s/files/1/0513/3775/6828/files/The6_Peptide_Serum_18.jpg?v=1786070296,https://cdn.shopify.com/s/files/1/0513/3775/6828/files/The6_Peptide_Serum_19.jpg?v=1786070296,https://cdn.shopify.com/s/files/1/0513/3775/6828/files/The6_Peptide_Serum_20.jpg?v=1786070296,https://cdn.shopify.com/s/files/1/0513/3775/6828/files/The6_Peptide_Serum_21.jpg?v=1786070297,https://cdn.shopify.com/s/files/1/0513/3775/6828/files/The6_Peptide_Serum_3.jpg?v=1786070296,https://cdn.shopify.com/s/files/1/0513/3775/6828/files/The6_Peptide_Serum_6.jpg?v=1786070295,https://cdn.shopify.com/s/files/1/0513/3775/6828/files/The6_Peptide_Serum_7.jpg?v=1786070295,https://cdn.shopify.com/s/files/1/0513/3775/6828/files/The6_Peptide_Serum_9.jpg?v=1786070295,https://cdn.shopify.com/s/files/1/0513/3775/6828/files/800x800_The6_Peptide_Serum.jpg?v=1786070297,https://cdn.shopify.com/s/files/1/0513/3775/6828/files/The6_Peptide_Serum_2.jpg?v=1786070297,https://cdn.shopify.com/s/files/1/0513/3775/6828/files/The6_Peptide_Serum_4.jpg?v=1786070297,https://cdn.shopify.com/s/files/1/0513/3775/6828/files/The6_Peptide_Serum_5_2.jpg?v=1786070297",,150mL (5.07 fl.oz)
The Ceramide Skin Barrier Moisturizer,370.0,"https://cdn.shopify.com/s/files/1/0513/3775/6828/files/Skinbarrier_Moisturizer_800x1067_shape.jpg?v=1752553177,https://cdn.shopify.com/s/files/1/0513/3775/6828/files/Skinbarrier_Moisturizer_02__2.jpg?v=1752553177,https://cdn.shopify.com/s/files/1/0513/3775/6828/files/Skinbarrier_Moisturizer_03__2.jpg?v=1752553177,https://cdn.shopify.com/s/files/1/0513/3775/6828/files/Skinbarrier_Moisturizer_04.jpg?v=1752553177,https://cdn.shopify.com/s/files/1/0513/3775/6828/files/Skinbarrier_Moisturizer_01__5.webp?v=1756458228,https://cdn.shopify.com/s/files/1/0513/3775/6828/files/Skinbarrier_Moisturizer_06.jpg?v=1756458228,https://cdn.shopify.com/s/files/1/0513/3775/6828/files/Skinbarrier_Moisturizer_07.jpg?v=1784611688,https://cdn.shopify.com/s/files/1/0513/3775/6828/files/Skinbarrier_Moisturizer_08B-1.jpg?v=1756458228,https://cdn.shopify.com/s/files/1/0513/3775/6828/files/Skinbarrier_Moisturizer_08B-2.jpg?v=1756458228,https://cdn.shopify.com/s/files/1/0513/3775/6828/files/Skinbarrier_Moisturizer_10__2.jpg?v=1756458228,https://cdn.shopify.com/s/files/1/0513/3775/6828/files/Skinbarrier_Moisturizer_11__2.jpg?v=1756458228,https://cdn.shopify.com/s/files/1/0513/3775/6828/files/Skinbarrier_Moisturizer_13__3.jpg?v=1756458228,https://cdn.shopify.com/s/files/1/0513/3775/6828/files/Skinbarrier_Moisturizer_12.jpg?v=1784611688,https://cdn.shopify.com/s/files/1/0513/3775/6828/files/Skinbarrier_Moisturizer_15.jpg?v=1756458228,https://cdn.shopify.com/s/files/1/0513/3775/6828/files/Skinbarrier_Moisturizer_16.jpg?v=1756458228,https://cdn.shopify.com/s/files/1/0513/3775/6828/files/Skinbarrier_Moisturizer_17.jpg?v=1756458228,https://cdn.shopify.com/s/files/1/0513/3775/6828/files/Skinbarrier_Moisturizer_18__1.jpg?v=1784611688",,80mL (2.70 fl.oz)
The Peptide Collagen Hydrogel Eye Patch,185.0,"https://cdn.shopify.com/s/files/1/0513/3775/6828/files/Hydrogel_Eye_patch_800x1067_c02f7788-3288-4bd7-bbdb-232b9f4de72c.webp?v=1785303430,https://cdn.shopify.com/s/files/1/0513/3775/6828/files/Hydrogel_Eye_patch_1.jpg?v=1768284034,https://cdn.shopify.com/s/files/1/0513/3775/6828/files/Hydrogel_Eye_patch_2.jpg?v=1768284034,https://cdn.shopify.com/s/files/1/0513/3775/6828/files/Hydrogel_Eye_patch_3.jpg?v=1768284034,https://cdn.shopify.com/s/files/1/0513/3775/6828/files/Hydrogel_Eye_patch_4.jpg?v=1768284034,https://cdn.shopify.com/s/files/1/0513/3775/6828/files/Hydrogel_Eye_patch_5.jpg?v=1768284034,https://cdn.shopify.com/s/files/1/0513/3775/6828/files/Hydrogel_Eye_patch_7.jpg?v=1768284034,https://cdn.shopify.com/s/files/1/0513/3775/6828/files/Hydrogel_Eye_patch_8.jpg?v=1768284034,https://cdn.shopify.com/s/files/1/0513/3775/6828/files/Hydrogel_Eye_patch_9__2.jpg?v=1768284034,https://cdn.shopify.com/s/files/1/0513/3775/6828/files/Hydrogel_Eye_patch_11.jpg?v=1768284034,https://cdn.shopify.com/s/files/1/0513/3775/6828/files/Hydrogel_Eye_patch_14__2_1.jpg?v=1768284034,https://cdn.shopify.com/s/files/1/0513/3775/6828/files/Hydrogel_Eye_patch_15.jpg?v=1768284034,https://cdn.shopify.com/s/files/1/0513/3775/6828/files/Hydrogel_Eye_patch_16.jpg?v=1768284034,https://cdn.shopify.com/s/files/1/0513/3775/6828/files/Hydrogel_Eye_patch_17.jpg?v=1768284034,https://cdn.shopify.com/s/files/1/0513/3775/6828/files/Hydrogel-Eye-patch3_800x1067_e01612cc-f037-4535-8587-9a0d68d4f857.png?v=1768284034",,"Single, 2-Pack, 3-Pack"
AHA/BHA Clarifying Treatment Toner,120.0,"https://cdn.shopify.com/s/files/1/0513/3775/6828/files/ahabha-clarifying-treatment-toner-cosrx-official-1.jpg?v=1724835581,https://cdn.shopify.com/s/files/1/0513/3775/6828/files/AHABHA_Toner_01B.webp?v=1780986536,https://cdn.shopify.com/s/files/1/0513/3775/6828/files/AHABHA_Toner_02__2.webp?v=1780905670,https://cdn.shopify.com/s/files/1/0513/3775/6828/files/AHABHA_Toner_03B.webp?v=1780905670,https://cdn.shopify.com/s/files/1/0513/3775/6828/files/AHABHA_Toner_06.webp?v=1780905670,https://cdn.shopify.com/s/files/1/0513/3775/6828/files/AHABHA_Toner_07B.webp?v=1780905671,https://cdn.shopify.com/s/files/1/0513/3775/6828/files/AHABHA_Toner_09.webp?v=1780905671,https://cdn.shopify.com/s/files/1/0513/3775/6828/files/AHABHA_Toner_10.webp?v=1780905670,https://cdn.shopify.com/s/files/1/0513/3775/6828/files/AHABHA_Toner_11.webp?v=1780905671,https://cdn.shopify.com/s/files/1/0513/3775/6828/files/AHABHA_Toner_12.webp?v=1780905670,https://cdn.shopify.com/s/files/1/0513/3775/6828/files/AHABHA_Toner_13.webp?v=1780905670",,150ml / 5.07 fl. oz
COSRX The Alpha-Arbutin Discoloration Care Hydrogel Mask,58.0,"https://cdn.shopify.com/s/files/1/0513/3775/6828/files/Alpha-Arbutin_Hydroge_Mask_00.webp?v=1749692231,https://cdn.shopify.com/s/files/1/0513/3775/6828/files/Alpha-Arbutin_Hydrogel_Mask_02.webp?v=1746779815,https://cdn.shopify.com/s/files/1/0513/3775/6828/files/Alpha-Arbutin_Hydrogel_Mask_03.webp?v=1747299320,https://cdn.shopify.com/s/files/1/0513/3775/6828/files/Alpha-Arbutin_Hydrogel_Mask_05.webp?v=1747299320,https://cdn.shopify.com/s/files/1/0513/3775/6828/files/Alpha-Arbutin_Hydrogel_Mask_06.webp?v=1747299320,https://cdn.shopify.com/s/files/1/0513/3775/6828/files/Alpha-Arbutin_Hydrogel_Mask_07.jpg?v=1747299320,https://cdn.shopify.com/s/files/1/0513/3775/6828/files/Alpha-Arbutin_Hydrogel_Mask_08_0cf2917c-8cbf-419c-abe0-5b211abc30f3.jpg?v=1747616658,https://cdn.shopify.com/s/files/1/0513/3775/6828/files/Alpha-Arbutin_Hydrogel_Mask_09.webp?v=1747616658,https://cdn.shopify.com/s/files/1/0513/3775/6828/files/Alpha-Arbutin_Hydrogel_Mask_10.jpg?v=1747616658,https://cdn.shopify.com/s/files/1/0513/3775/6828/files/Alpha-Arbutin_Hydrogel_Mask_11.webp?v=1747616658,https://cdn.shopify.com/s/files/1/0513/3775/6828/files/Alpha-Arbutin_Hydrogel_Mask_12.webp?v=1747616658,https://cdn.shopify.com/s/files/1/0513/3775/6828/files/Alpha-Arbutin_Hydrogel_Mask_13.webp?v=1747616658,https://cdn.shopify.com/s/files/1/0513/3775/6828/files/Alpha-Arbutin_Hydrogel_Mask_15.webp?v=1747616658,https://cdn.shopify.com/s/files/1/0513/3775/6828/files/Alpha-Arbutin_Hydrogel_Mask_16.jpg?v=1747616658,https://cdn.shopify.com/s/files/1/0513/3775/6828/files/Alpha-Arbutin_Hydrogel_Mask_17.webp?v=1747616658,https://cdn.shopify.com/s/files/1/0513/3775/6828/files/Alpha-Arbutin_Hydrogel_Mask_18.webp?v=1747616658,https://cdn.shopify.com/s/files/1/0513/3775/6828/files/Alpha-Arbutin_Hydrogel_Mask_19.webp?v=1747616658",,"3ea, 1ea"
COSRX Azelaic Acid 10 B5 Redness Soothing Cream,165.0,"https://cdn.shopify.com/s/files/1/0513/3775/6828/files/AzelaicAcid_10_Cream_00.webp?v=1782456881,https://cdn.shopify.com/s/files/1/0513/3775/6828/files/AzelaicAcid_10_Cream_01.webp?v=1782710254,https://cdn.shopify.com/s/files/1/0513/3775/6828/files/AzelaicAcid_10_Cream_02.webp?v=1782710254,https://cdn.shopify.com/s/files/1/0513/3775/6828/files/AzelaicAcid_10_Cream_03.webp?v=1782710255,https://cdn.shopify.com/s/files/1/0513/3775/6828/files/AzelaicAcid_10_Cream_05.webp?v=1782710255,https://cdn.shopify.com/s/files/1/0513/3775/6828/files/AzelaicAcid_10_Cream_06.webp?v=1782710255,https://cdn.shopify.com/s/files/1/0513/3775/6828/files/AzelaicAcid_10_Cream_07.webp?v=1782710254,https://cdn.shopify.com/s/files/1/0513/3775/6828/files/AzelaicAcid_10_Cream_08.webp?v=1782710254,https://cdn.shopify.com/s/files/1/0513/3775/6828/files/AzelaicAcid_10_Cream_09.webp?v=1782710254,https://cdn.shopify.com/s/files/1/0513/3775/6828/files/AzelaicAcid_10_Cream_10.webp?v=1782710254,https://cdn.shopify.com/s/files/1/0513/3775/6828/files/AzelaicAcid_10_Cream_11.webp?v=1782710255,https://cdn.shopify.com/s/files/1/0513/3775/6828/files/AzelaicAcid_10_Cream_12__-elementor-io-optimized.webp?v=1782718423,https://cdn.shopify.com/s/files/1/0513/3775/6828/files/AzelaicAcid_10_Cream_13.webp?v=1782710342,https://cdn.shopify.com/s/files/1/0513/3775/6828/files/AzelaicAcid_10_Cream_14.webp?v=1782710342,https://cdn.shopify.com/s/files/1/0513/3775/6828/files/AzelaicAcid_10_Cream_15.webp?v=1782710342,https://cdn.shopify.com/s/files/1/0513/3775/6828/files/AzelaicAcid_10_Cream_16.webp?v=1782710342,https://cdn.shopify.com/s/files/1/0513/3775/6828/files/AzelaicAcid_10_Cream_18.webp?v=1782710342,https://cdn.shopify.com/s/files/1/0513/3775/6828/files/AzelaicAcid_10_Cream_19.webp?v=1782710342",Azelaic Acid 10%,30mL / 1.01 fl. oz.
COSRX 5 PDRN Collagen Intense Vitalizing Serum,115.0,"https://cdn.shopify.com/s/files/1/0513/3775/6828/files/5PDRN_Serum_00_41bfc9ae-bbf5-40a2-a27c-35b27a2f0780.webp?v=1761526605,https://cdn.shopify.com/s/files/1/0513/3775/6828/files/5PDRN_Serum_01__2_1.webp?v=1761900283,https://cdn.shopify.com/s/files/1/0513/3775/6828/files/5PDRN_Serum_02__1.webp?v=1761900283,https://cdn.shopify.com/s/files/1/0513/3775/6828/files/5PDRN_Serum_03__1.webp?v=1761900283,https://cdn.shopify.com/s/files/1/0513/3775/6828/files/5PDRN_Serum_04__1.webp?v=1761900283,https://cdn.shopify.com/s/files/1/0513/3775/6828/files/5PDRN_Serum_05__1.webp?v=1761900283,https://cdn.shopify.com/s/files/1/0513/3775/6828/files/5PDRN_Serum_08__2_1.webp?v=1762906527,https://cdn.shopify.com/s/files/1/0513/3775/6828/files/5PDRN_Serum_10__1.webp?v=1762906527,https://cdn.shopify.com/s/files/1/0513/3775/6828/files/5PDRN_Serum_11__1.webp?v=1762906527,https://cdn.shopify.com/s/files/1/0513/3775/6828/files/5PDRN_Serum_13__1.webp?v=1762906527,https://cdn.shopify.com/s/files/1/0513/3775/6828/files/5PDRN_Serum_14__1.webp?v=1762906527,https://cdn.shopify.com/s/files/1/0513/3775/6828/files/5PDRN_Serum_17.jpg?v=1762906527,https://cdn.shopify.com/s/files/1/0513/3775/6828/files/5PDRN_Serum_18__2.jpg?v=1762906527,https://cdn.shopify.com/s/files/1/0513/3775/6828/files/5PDRN_Serum_small_fcd9651e-2b7e-450f-941e-228aae44457e.jpg?v=1780550849",,"100 mL / 3.38 fl oz, 50 mL / 1.69 fl oz"
COSRX 5 PDRN B5 Vital Soothing Toner,105.0,"https://cdn.shopify.com/s/files/1/0513/3775/6828/files/5PDRN_Toner_00.webp?v=1761526535,https://cdn.shopify.com/s/files/1/0513/3775/6828/files/5PDRN_Toner_01__2.webp?v=1761732095,https://cdn.shopify.com/s/files/1/0513/3775/6828/files/5PDRN_Toner_02.webp?v=1761732095,https://cdn.shopify.com/s/files/1/0513/3775/6828/files/5PDRN_Toner_03.webp?v=1761732095,https://cdn.shopify.com/s/files/1/0513/3775/6828/files/5PDRN_Toner_04.webp?v=1761732095,https://cdn.shopify.com/s/files/1/0513/3775/6828/files/5PDRN_Toner_05.webp?v=1761732095,https://cdn.shopify.com/s/files/1/0513/3775/6828/files/5PDRN_Toner_07__2.webp?v=1762906197,https://cdn.shopify.com/s/files/1/0513/3775/6828/files/5PDRN_Toner_09__2.webp?v=1762906197,https://cdn.shopify.com/s/files/1/0513/3775/6828/files/5PDRN_Toner_10.webp?v=1762906197,https://cdn.shopify.com/s/files/1/0513/3775/6828/files/5PDRN_Toner_12.webp?v=1762906197,https://cdn.shopify.com/s/files/1/0513/3775/6828/files/5PDRN_Toner_14.webp?v=1762906197,https://cdn.shopify.com/s/files/1/0513/3775/6828/files/5PDRN_Serum_17.webp?v=1762906197,https://cdn.shopify.com/s/files/1/0513/3775/6828/files/5PDRN_Serum_18__2.webp?v=1762906197,https://cdn.shopify.com/s/files/1/0513/3775/6828/files/5PDRN_Toner_small_090947f5-045b-4df5-8c53-548d7db64f19.jpg?v=1780550880",,"280 mL / 9.46 fl oz, 80 mL / 2.71 fl oz"
Advanced Snail Mucin Gel Cleanser,49.0,"https://cdn.shopify.com/s/files/1/0513/3775/6828/files/advanced-snail-mucin-gel-cleanser-cosrx-official-1.png?v=1724835788,https://cdn.shopify.com/s/files/1/0513/3775/6828/files/01_25d36ef8-9a2e-4e01-bcbd-b2e6892d5c78.webp?v=1778476700,https://cdn.shopify.com/s/files/1/0513/3775/6828/files/02_c61cc26b-48c6-4a29-b4e3-d90e9f8dbdaf.webp?v=1778476700,https://cdn.shopify.com/s/files/1/0513/3775/6828/files/05_4c01dd41-694a-41e8-a188-ef58df4a4951.webp?v=1778476701,https://cdn.shopify.com/s/files/1/0513/3775/6828/files/06_01ffbae8-bc65-4996-ab1a-a560035c7eb8.webp?v=1778476701,https://cdn.shopify.com/s/files/1/0513/3775/6828/files/07_2dc35b15-59c3-4e4f-956a-eaade767712a.webp?v=1778476700,https://cdn.shopify.com/s/files/1/0513/3775/6828/files/04_57ed2cec-7e25-4887-a84c-d814e946cf79.webp?v=1778476701,https://cdn.shopify.com/s/files/1/0513/3775/6828/files/08_5f155054-c22c-409f-872b-9aedfebfdc55.webp?v=1778476701",,"5.07 fl.oz / 150ml, 1.69 fl.oz / 50ml"
COSRX RED RICE INOSITOL Exfoliating Care Pore Wash-Off Peel Serum,180.0,"https://cdn.shopify.com/s/files/1/0513/3775/6828/files/Thumb_RedRice_Inositol_Serum_800x1067_1cb5f547-d3ec-4d5b-bbd8-4d4c7700dd16.webp?v=1775037226,https://cdn.shopify.com/s/files/1/0513/3775/6828/files/RedRice_Inositol_Serum_05.webp?v=1776304808,https://cdn.shopify.com/s/files/1/0513/3775/6828/files/RedRice_Inositol_Serum_06.webp?v=1776304808,https://cdn.shopify.com/s/files/1/0513/3775/6828/files/RedRice_Inositol_Serum_07_1.webp?v=1778061000,https://cdn.shopify.com/s/files/1/0513/3775/6828/files/RedRice_Inositol_Serum_08.webp?v=1776304808,https://cdn.shopify.com/s/files/1/0513/3775/6828/files/RedRice_Inositol_Serum_09.webp?v=1776304808,https://cdn.shopify.com/s/files/1/0513/3775/6828/files/RedRice_Inositol_Serum_10.webp?v=1776304808,https://cdn.shopify.com/s/files/1/0513/3775/6828/files/RedRice_Inositol_Serum_11_1.webp?v=1777005964,https://cdn.shopify.com/s/files/1/0513/3775/6828/files/RedRice_Inositol_Serum_14.webp?v=1776304808,https://cdn.shopify.com/s/files/1/0513/3775/6828/files/RedRice_Inositol_Serum_18.webp?v=1776304808",,80mL / 2.71 fl. oz.
COSRX RED RICE INOSITOL Pore Clarifying Deep Cleanser,165.0,"https://cdn.shopify.com/s/files/1/0513/3775/6828/files/Thumb_RedRice_Inositol_DeepCleanser_800x1067_1.webp?v=1775037121,https://cdn.shopify.com/s/files/1/0513/3775/6828/files/RedRice_Inositol_Creanser_02.webp?v=1776305302,https://cdn.shopify.com/s/files/1/0513/3775/6828/files/RedRice_Inositol_Creanser_03.webp?v=1776305302,https://cdn.shopify.com/s/files/1/0513/3775/6828/files/RedRice_Inositol_Creanser_04.webp?v=1776305302,https://cdn.shopify.com/s/files/1/0513/3775/6828/files/RedRice_Inositol_Creanser_06_1.webp?v=1779441106,https://cdn.shopify.com/s/files/1/0513/3775/6828/files/RedRice_Inositol_Creanser_07.webp?v=1776305302,https://cdn.shopify.com/s/files/1/0513/3775/6828/files/RedRice_Inositol_Creanser_08.webp?v=1776305302,https://cdn.shopify.com/s/files/1/0513/3775/6828/files/RedRice_Inositol_Creanser_09_2.webp?v=1776305302,https://cdn.shopify.com/s/files/1/0513/3775/6828/files/RedRice_Inositol_Creanser_10.webp?v=1776305302,https://cdn.shopify.com/s/files/1/0513/3775/6828/files/RedRice_Inositol_Creanser_11.webp?v=1776305302,https://cdn.shopify.com/s/files/1/0513/3775/6828/files/RedRice_Inositol_Creanser_13.webp?v=1776305302,https://cdn.shopify.com/s/files/1/0513/3775/6828/files/RedRice_Inositol_Creanser_14.webp?v=1776305302,https://cdn.shopify.com/s/files/1/0513/3775/6828/files/RedRice_Inositol_Creanser_15.webp?v=1776305302,https://cdn.shopify.com/s/files/1/0513/3775/6828/files/RedRice_Inositol_Creanser_16.webp?v=1776305302,https://cdn.shopify.com/s/files/1/0513/3775/6828/files/RedRice_Inositol_Creanser_17.webp?v=1776305302",,150mL / 5.07 fl. oz.
Low pH Good Morning Gel Cleanser,48.0,"https://cdn.shopify.com/s/files/1/0513/3775/6828/files/low-ph-good-morning-gel-cleanser-cosrx-official-1.jpg?v=1768785801,https://cdn.shopify.com/s/files/1/0513/3775/6828/files/LowpH_Gel_Cleanser_02__1.webp?v=1780987993,https://cdn.shopify.com/s/files/1/0513/3775/6828/files/LowpH_Gel_Cleanser_03.webp?v=1780904507,https://cdn.shopify.com/s/files/1/0513/3775/6828/files/LowpH_Gel_Cleanser_04.webp?v=1780904507,https://cdn.shopify.com/s/files/1/0513/3775/6828/files/LowpH_Gel_Cleanser_05.webp?v=1780904507,https://cdn.shopify.com/s/files/1/0513/3775/6828/files/LowpH_Gel_Cleanser_07.webp?v=1780904507,https://cdn.shopify.com/s/files/1/0513/3775/6828/files/LowpH_Gel_Cleanser_08.webp?v=1780904507,https://cdn.shopify.com/s/files/1/0513/3775/6828/files/low-ph-good-morning-gel-cleanser-cosrx-official-12.jpg?v=1768785801,https://cdn.shopify.com/s/files/1/0513/3775/6828/files/low-ph-good-morning-gel-cleanser-cosrx-official-11.jpg?v=1768785801",,"5.07 fl.oz / 150ml, 1.69 fl.oz / 50ml"
One Step Original Blemish Pore Clear Pad,228.0,"https://cdn.shopify.com/s/files/1/0513/3775/6828/files/OneStep_Blemish_Pad_00.jpg?v=1774854088,https://cdn.shopify.com/s/files/1/0513/3775/6828/files/OneStep_Blemish_Pad_03.jpg?v=1774854088,https://cdn.shopify.com/s/files/1/0513/3775/6828/files/OneStep_Blemish_Pad_04.jpg?v=1774854088,https://cdn.shopify.com/s/files/1/0513/3775/6828/files/OneStep_Blemish_Pad_05.jpg?v=1774854088,https://cdn.shopify.com/s/files/1/0513/3775/6828/files/OneStep_Blemish_Pad_06__2.jpg?v=1774854088,https://cdn.shopify.com/s/files/1/0513/3775/6828/files/OneStep_Blemish_Pad_08__2.jpg?v=1774854088,https://cdn.shopify.com/s/files/1/0513/3775/6828/files/OneStep_Blemish_Pad_09_e238ecec-489f-4e50-bed9-9f949beb3061.jpg?v=1774854088,https://cdn.shopify.com/s/files/1/0513/3775/6828/files/OneStep_Blemish_Pad_11.jpg?v=1774854088,https://cdn.shopify.com/s/files/1/0513/3775/6828/files/OneStep_Blemish_Pad_13.jpg?v=1774854088,https://cdn.shopify.com/s/files/1/0513/3775/6828/files/OneStep_Blemish_Pad_14.jpg?v=1774854088,https://cdn.shopify.com/s/files/1/0513/3775/6828/files/OneStep_Blemish_Pad_18.jpg?v=1774854088,https://cdn.shopify.com/s/files/1/0513/3775/6828/files/OneStep_Blemish_Pad_19.jpg?v=1774854088",,100 Pads / 10.14 fl. oz. (300mL)
One Step Original Peptide Collagen Lifting Glow Pad,228.0,"https://cdn.shopify.com/s/files/1/0513/3775/6828/files/1_800x1067_40e9bec3-18f2-4c99-9778-941e17858fa3.webp?v=1774854217,https://cdn.shopify.com/s/files/1/0513/3775/6828/files/03_75314a75-75e6-4051-8d7f-700b69ef8e53.webp?v=1774854217,https://cdn.shopify.com/s/files/1/0513/3775/6828/files/04_7d9d306d-f4fe-49d9-b100-5463c55aaafa.webp?v=1774854217,https://cdn.shopify.com/s/files/1/0513/3775/6828/files/06.webp?v=1774854217,https://cdn.shopify.com/s/files/1/0513/3775/6828/files/07.webp?v=1774854217,https://cdn.shopify.com/s/files/1/0513/3775/6828/files/08.webp?v=1774854217,https://cdn.shopify.com/s/files/1/0513/3775/6828/files/09.webp?v=1774854217,https://cdn.shopify.com/s/files/1/0513/3775/6828/files/10.webp?v=1774854217,https://cdn.shopify.com/s/files/1/0513/3775/6828/files/11.webp?v=1774854217,https://cdn.shopify.com/s/files/1/0513/3775/6828/files/12.webp?v=1774854217,https://cdn.shopify.com/s/files/1/0513/3775/6828/files/13.webp?v=1774854217,https://cdn.shopify.com/s/files/1/0513/3775/6828/files/14.webp?v=1774854217,https://cdn.shopify.com/s/files/1/0513/3775/6828/files/19.webp?v=1774854217,https://cdn.shopify.com/s/files/1/0513/3775/6828/files/21.webp?v=1774854217,https://cdn.shopify.com/s/files/1/0513/3775/6828/files/22.webp?v=1774854217",,100 Pads / 10.14 fl. oz. (300mL)
One Step Original Tone Clarifying Moisture Pad,210.0,"https://cdn.shopify.com/s/files/1/0513/3775/6828/files/One-Step_Moisture_Pad_00.webp?v=1774854127,https://cdn.shopify.com/s/files/1/0513/3775/6828/files/One-Step_Moisture_Pad_03.webp?v=1774854127,https://cdn.shopify.com/s/files/1/0513/3775/6828/files/One-Step_Moisture_Pad_04.webp?v=1774854127,https://cdn.shopify.com/s/files/1/0513/3775/6828/files/One-Step_Moisture_Pad_05.webp?v=1774854127,https://cdn.shopify.com/s/files/1/0513/3775/6828/files/One-Step_Moisture_Pad_06.webp?v=1774854127,https://cdn.shopify.com/s/files/1/0513/3775/6828/files/One-Step_Moisture_Pad_07.webp?v=1774854127,https://cdn.shopify.com/s/files/1/0513/3775/6828/files/One-Step_Moisture_Pad_09.webp?v=1774854127,https://cdn.shopify.com/s/files/1/0513/3775/6828/files/One-Step_Moisture_Pad_10.webp?v=1774854127,https://cdn.shopify.com/s/files/1/0513/3775/6828/files/One-Step_Moisture_Pad_11.webp?v=1774854127,https://cdn.shopify.com/s/files/1/0513/3775/6828/files/One-Step_Moisture_Pad_12.webp?v=1774854127,https://cdn.shopify.com/s/files/1/0513/3775/6828/files/One-Step_Moisture_Pad_14.webp?v=1774854127,https://cdn.shopify.com/s/files/1/0513/3775/6828/files/One-Step_Moisture_Pad_16.webp?v=1774854127,https://cdn.shopify.com/s/files/1/0513/3775/6828/files/One-Step_Moisture_Pad_21.webp?v=1774854127,https://cdn.shopify.com/s/files/1/0513/3775/6828/files/One-Step_Moisture_Pad_22.webp?v=1774854127",,100 Pads / 7. 77 fl. oz. (230mL)
Advanced Snail Peptide Eye Cream,238.0,"https://cdn.shopify.com/s/files/1/0513/3775/6828/files/advanced-snail-peptide-eye-cream-cosrx-official-1.png?v=1724835637,https://cdn.shopify.com/s/files/1/0513/3775/6828/files/SnailEyecream_01.webp?v=1778476464,https://cdn.shopify.com/s/files/1/0513/3775/6828/files/SnailEyecream_04.webp?v=1778476464,https://cdn.shopify.com/s/files/1/0513/3775/6828/files/SnailEyecream_05.webp?v=1778476464,https://cdn.shopify.com/s/files/1/0513/3775/6828/files/SnailEyecream_06.webp?v=1778476464,https://cdn.shopify.com/s/files/1/0513/3775/6828/files/SnailEyecream_07.webp?v=1778476464,https://cdn.shopify.com/s/files/1/0513/3775/6828/files/SnailEyecream_08.webp?v=1778476464",,25ml / 0.85 fl. oz
COSRX PDRN EXOSOME Skinplaning Glaze Mask,218.0,"https://cdn.shopify.com/s/files/1/0513/3775/6828/files/12_2c3d39b6-d732-43ac-aaeb-7ba00d005802.jpg?v=1789115233,https://cdn.shopify.com/s/files/1/0513/3775/6828/files/PDRN_Exosome_mask_01__3.webp?v=1770886507,https://cdn.shopify.com/s/files/1/0513/3775/6828/files/PDRN_Exosome_mask_02.webp?v=1770886507,https://cdn.shopify.com/s/files/1/0513/3775/6828/files/PDRN_Exosome_mask_03.webp?v=1770886507,https://cdn.shopify.com/s/files/1/0513/3775/6828/files/PDRN_Exosome_mask_04.webp?v=1770886507,https://cdn.shopify.com/s/files/1/0513/3775/6828/files/PDRN_Exosome_mask_05.webp?v=1770886507,https://cdn.shopify.com/s/files/1/0513/3775/6828/files/PDRN_Exosome_mask_06_629c87ce-4346-4c50-87b8-5e65d9f94516.webp?v=1770886507,https://cdn.shopify.com/s/files/1/0513/3775/6828/files/PDRN_Exosome_mask_07.webp?v=1770886507,https://cdn.shopify.com/s/files/1/0513/3775/6828/files/PDRN_Exosome_mask_08.webp?v=1770886507,https://cdn.shopify.com/s/files/1/0513/3775/6828/files/PDRN_Exosome_mask_09.webp?v=1770886507,https://cdn.shopify.com/s/files/1/0513/3775/6828/files/PDRN_Exosome_mask_10.webp?v=1770886507,https://cdn.shopify.com/s/files/1/0513/3775/6828/files/PDRN_Exosome_mask_11.webp?v=1770886507,https://cdn.shopify.com/s/files/1/0513/3775/6828/files/PDRN_Exosome_mask_12.webp?v=1770886507,https://cdn.shopify.com/s/files/1/0513/3775/6828/files/PDRN_Exosome_mask_13.webp?v=1770886507,https://cdn.shopify.com/s/files/1/0513/3775/6828/files/PDRN_Exosome_mask_14.webp?v=1770886507,https://cdn.shopify.com/s/files/1/0513/3775/6828/files/PDRN_Exosome_mask_15.webp?v=1770886507,https://cdn.shopify.com/s/files/1/0513/3775/6828/files/PDRN_Exosome_mask_16.webp?v=1770886507",,50 mL / 1.69 fl oz
The Ceramide Skin Barrier Moisturizing Mist,228.0,"https://cdn.shopify.com/s/files/1/0513/3775/6828/files/Skinbarrier_Mist_00_484b9ebd-d4b7-4386-9752-e56852ae7773.webp?v=1755070277,https://cdn.shopify.com/s/files/1/0513/3775/6828/files/Skinbarrier_Mist_01__2.webp?v=1755070277,https://cdn.shopify.com/s/files/1/0513/3775/6828/files/Skinbarrier_Mist_03__2.webp?v=1755070277,https://cdn.shopify.com/s/files/1/0513/3775/6828/files/Skinbarrier_Mist_04__2.webp?v=1755070277,https://cdn.shopify.com/s/files/1/0513/3775/6828/files/Skinbarrier_Mist_05__2.webp?v=1755070277,https://cdn.shopify.com/s/files/1/0513/3775/6828/files/Skinbarrier_Mist_06.webp?v=1755070277,https://cdn.shopify.com/s/files/1/0513/3775/6828/files/Skinbarrier_Mist_07.webp?v=1755070277,https://cdn.shopify.com/s/files/1/0513/3775/6828/files/Skinbarrier_Mist_08__2.webp?v=1755070277,https://cdn.shopify.com/s/files/1/0513/3775/6828/files/Skinbarrier_Mist_11__3.webp?v=1755070277,https://cdn.shopify.com/s/files/1/0513/3775/6828/files/Skinbarrier_Mist_12__3.webp?v=1755070277,https://cdn.shopify.com/s/files/1/0513/3775/6828/files/Skinbarrier_Mist_14__2.webp?v=1755070277,https://cdn.shopify.com/s/files/1/0513/3775/6828/files/Skinbarrier_Mist_15.webp?v=1755070277,https://cdn.shopify.com/s/files/1/0513/3775/6828/files/Skinbarrier_Mist_16__2.webp?v=1755070277,https://cdn.shopify.com/s/files/1/0513/3775/6828/files/Skinbarrier_Mist_17.webp?v=1755070277,https://cdn.shopify.com/s/files/1/0513/3775/6828/files/Skinbarrier_Mist_18.webp?v=1755070277,https://cdn.shopify.com/s/files/1/0513/3775/6828/files/Skinbarrier_Mist_19.webp?v=1755070277,https://cdn.shopify.com/s/files/1/0513/3775/6828/files/Skinbarrier_Mist_20__4.webp?v=1755070277",,120 mL / 4.06 fl oz
BHA Blackhead Power Liquid,178.0,"https://cdn.shopify.com/s/files/1/0513/3775/6828/files/bha-blackhead-power-liquid-cosrx-official-1.jpg?v=1689840681,https://cdn.shopify.com/s/files/1/0513/3775/6828/files/BHA_Blackhead_Toner_01_1.webp?v=1780904909,https://cdn.shopify.com/s/files/1/0513/3775/6828/files/BHA_Blackhead_Toner_03_1.webp?v=1780904909,https://cdn.shopify.com/s/files/1/0513/3775/6828/files/BHA_Blackhead_Toner_05_1.webp?v=1780904954,https://cdn.shopify.com/s/files/1/0513/3775/6828/files/BHA_Blackhead_Toner_06_1.webp?v=1780904977,https://cdn.shopify.com/s/files/1/0513/3775/6828/files/BHA_Blackhead_Toner_07_1.webp?v=1780904909,https://cdn.shopify.com/s/files/1/0513/3775/6828/files/BHA_Blackhead_Toner_08.jpg?v=1783658778,https://cdn.shopify.com/s/files/1/0513/3775/6828/files/BHA_Blackhead_Toner_09_1.webp?v=1780904909,https://cdn.shopify.com/s/files/1/0513/3775/6828/files/BHA_Blackhead_Toner_10_1.webp?v=1780904909",,100ml / 3.38 fl. oz Blackheads OUT! Pores CLEAR! BHA &amp; Niacinamide exfoliating liquid for gentle exfoliation and oil control. Suggested for mid-level acid users.
COSRX Skin Barrier Moisturizing Body Cream,238.0,"https://cdn.shopify.com/s/files/1/0513/3775/6828/files/Skinbarrier_Cream_00_9ea9d922-f996-448a-b5b0-372c79f1043c.webp?v=1755070414,https://cdn.shopify.com/s/files/1/0513/3775/6828/files/Skinbarrier_Cream_02__3.webp?v=1755070414,https://cdn.shopify.com/s/files/1/0513/3775/6828/files/Skinbarrier_Cream_04.webp?v=1755070414,https://cdn.shopify.com/s/files/1/0513/3775/6828/files/Skinbarrier_Cream_05__2_1.webp?v=1755677703,https://cdn.shopify.com/s/files/1/0513/3775/6828/files/Skinbarrier_Cream_07__3.webp?v=1755677703,https://cdn.shopify.com/s/files/1/0513/3775/6828/files/Skinbarrier_Cream_08__2.webp?v=1755677703,https://cdn.shopify.com/s/files/1/0513/3775/6828/files/Skinbarrier_Cream_09.webp?v=1755677703,https://cdn.shopify.com/s/files/1/0513/3775/6828/files/Skinbarrier_Cream_12.webp?v=1755677703,https://cdn.shopify.com/s/files/1/0513/3775/6828/files/Skinbarrier_Cream_13__2.webp?v=1755677703,https://cdn.shopify.com/s/files/1/0513/3775/6828/files/Skinbarrier_Cream_14.webp?v=1755677703,https://cdn.shopify.com/s/files/1/0513/3775/6828/files/Skinbarrier_Cream_16__A2.webp?v=1755677703,https://cdn.shopify.com/s/files/1/0513/3775/6828/files/Skinbarrier_Cream_17__3.webp?v=1755677703",,450 ml / 15.2 fl. oz.
AHA/BHA Clarifying Treatment Toner,165.0,"https://cdn.shopify.com/s/files/1/0513/3775/6828/files/ahabha-clarifying-treatment-toner-cosrx-official-1.jpg?v=1724835581,https://cdn.shopify.com/s/files/1/0513/3775/6828/files/AHABHA_Toner_01B.webp?v=1780986536,https://cdn.shopify.com/s/files/1/0513/3775/6828/files/AHABHA_Toner_02__2.webp?v=1780905670,https://cdn.shopify.com/s/files/1/0513/3775/6828/files/AHABHA_Toner_03B.webp?v=1780905670,https://cdn.shopify.com/s/files/1/0513/3775/6828/files/AHABHA_Toner_06.webp?v=1780905670,https://cdn.shopify.com/s/files/1/0513/3775/6828/files/AHABHA_Toner_07B.webp?v=1780905671,https://cdn.shopify.com/s/files/1/0513/3775/6828/files/AHABHA_Toner_09.webp?v=1780905671,https://cdn.shopify.com/s/files/1/0513/3775/6828/files/AHABHA_Toner_10.webp?v=1780905670,https://cdn.shopify.com/s/files/1/0513/3775/6828/files/AHABHA_Toner_11.webp?v=1780905671,https://cdn.shopify.com/s/files/1/0513/3775/6828/files/AHABHA_Toner_12.webp?v=1780905670,https://cdn.shopify.com/s/files/1/0513/3775/6828/files/AHABHA_Toner_13.webp?v=1780905670",,150ml / 5.07 fl. oz
The AHA 2 BHA 2 Blemish Treatment Serum,218.0,"https://cdn.shopify.com/s/files/1/0513/3775/6828/files/AHA2BHA2_Treatment_00_0ee6119d-bd30-4aa2-b7f6-3ecf59cc7151.jpg?v=1778462937,https://cdn.shopify.com/s/files/1/0513/3775/6828/files/AHA2BHA2_Treatment_04_0b5b66c2-5252-4a11-a604-75705472830f.jpg?v=1778061970,https://cdn.shopify.com/s/files/1/0513/3775/6828/files/AHA2BHA2_Blemish_03__2.jpg?v=1741592927,https://cdn.shopify.com/s/files/1/0513/3775/6828/files/AHA2BHA2_Blemish_05_2.jpg?v=1741592927,https://cdn.shopify.com/s/files/1/0513/3775/6828/files/AHA2BHA2_Treatment_06_63af588a-be9d-4c24-be82-41c6e3bd1b51.jpg?v=1778061970,https://cdn.shopify.com/s/files/1/0513/3775/6828/files/AHA2BHA2_Treatment_07_c12b7fb6-f951-4463-b662-367ac4e9ab9d.jpg?v=1778061971,https://cdn.shopify.com/s/files/1/0513/3775/6828/files/AHA2BHA2_Treatment_09_b0cb800f-c5ac-4df8-94cd-1d216c7dbc44.jpg?v=1778061970,https://cdn.shopify.com/s/files/1/0513/3775/6828/files/AHA2BHA2_Blemish_11_2.jpg?v=1741592927,https://cdn.shopify.com/s/files/1/0513/3775/6828/files/AHA2BHA2_Treatment_10_fe0dd321-4e5a-45a5-9707-7ecbd65486c6.jpg?v=1778061970,https://cdn.shopify.com/s/files/1/0513/3775/6828/files/AHA2BHA2_Blemish_12_2.jpg?v=1741592927,https://cdn.shopify.com/s/files/1/0513/3775/6828/files/AHA2BHA2_Treatment_11_2c7b4470-0cf8-4b41-9dce-da4c1b9fea81.jpg?v=1778061970,https://cdn.shopify.com/s/files/1/0513/3775/6828/files/AHA2BHA2_Blemish_14_2.jpg?v=1741592927",,
Oil-Free Ultra-Moisturizing Lotion with Birch Sap,180.0,"https://cdn.shopify.com/s/files/1/0513/3775/6828/files/oil-free-ultra-moisturizing-lotion-with-birch-sap-cosrx-official-1.png?v=1724836818,https://cdn.shopify.com/s/files/1/0513/3775/6828/files/oil-free-ultra-moisturizing-lotion-with-birch-sap-cosrx-official-2.jpg?v=1724836820,https://cdn.shopify.com/s/files/1/0513/3775/6828/files/oil-free-ultra-moisturizing-lotion-with-birch-sap-cosrx-official-3.jpg?v=1724836822,https://cdn.shopify.com/s/files/1/0513/3775/6828/files/oil-free-ultra-moisturizing-lotion-with-birch-sap-cosrx-official-4.jpg?v=1724836824,https://cdn.shopify.com/s/files/1/0513/3775/6828/files/oil-free-ultra-moisturizing-lotion-with-birch-sap-cosrx-official-5.jpg?v=1724836826,https://cdn.shopify.com/s/files/1/0513/3775/6828/files/oil-free-ultra-moisturizing-lotion-with-birch-sap-cosrx-official-6.jpg?v=1724836828,https://cdn.shopify.com/s/files/1/0513/3775/6828/files/oil-free-ultra-moisturizing-lotion-with-birch-sap-cosrx-official-7.jpg?v=1724836830,https://cdn.shopify.com/s/files/1/0513/3775/6828/files/oil-free-ultra-moisturizing-lotion-with-birch-sap-cosrx-official-8.jpg?v=1724836832",,3.38 fl. oz / 100ml
Airy-Light Invisible Sun Stick,185.0,"https://cdn.shopify.com/s/files/1/0513/3775/6828/files/Airy-Light_SunStick_00.webp?v=1749081344,https://cdn.shopify.com/s/files/1/0513/3775/6828/files/Airy-Light_SunStick_01__3.webp?v=1749081344,https://cdn.shopify.com/s/files/1/0513/3775/6828/files/Airy-Light_SunStick_02__2.webp?v=1749081344,https://cdn.shopify.com/s/files/1/0513/3775/6828/files/Airy-Light_SunStick_03.webp?v=1749081344,https://cdn.shopify.com/s/files/1/0513/3775/6828/files/Airy-Light_SunStick_04__2.webp?v=1749081344,https://cdn.shopify.com/s/files/1/0513/3775/6828/files/Airy-Light_SunStick_05__2.webp?v=1749081344,https://cdn.shopify.com/s/files/1/0513/3775/6828/files/Airy-Light_SunStick_06__2.webp?v=1749081344,https://cdn.shopify.com/s/files/1/0513/3775/6828/files/Airy-Light_SunStick_08.webp?v=1749081344,https://cdn.shopify.com/s/files/1/0513/3775/6828/files/Airy-Light_SunStick_09.webp?v=1749081344,https://cdn.shopify.com/s/files/1/0513/3775/6828/files/Airy-Light_SunStick_10.webp?v=1749081344,https://cdn.shopify.com/s/files/1/0513/3775/6828/files/Airy-Light_SunStick_11__2.webp?v=1749081344,https://cdn.shopify.com/s/files/1/0513/3775/6828/files/Airy-Light_SunStick_12.webp?v=1749081344,https://cdn.shopify.com/s/files/1/0513/3775/6828/files/Airy-Light_SunStick_13.webp?v=1749081344,https://cdn.shopify.com/s/files/1/0513/3775/6828/files/Airy-Light_SunStick_14.webp?v=1749081344,https://cdn.shopify.com/s/files/1/0513/3775/6828/files/Airy-Light_SunStick_15.webp?v=1749081344,https://cdn.shopify.com/s/files/1/0513/3775/6828/files/Airy-Light_SunStick_16__2.webp?v=1749081344,https://cdn.shopify.com/s/files/1/0513/3775/6828/files/Airy-Light_SunStick_17.webp?v=1749081344,https://cdn.shopify.com/s/files/1/0513/3775/6828/files/Airy-Light_SunStick_18.webp?v=1749081344",,
The AHA BHA PHA LHA 35 Peel,135.0,"https://cdn.shopify.com/s/files/1/0513/3775/6828/files/The_35peel_0.webp?v=1724836979,https://cdn.shopify.com/s/files/1/0513/3775/6828/files/The_35peel_1B.webp?v=1697445072,https://cdn.shopify.com/s/files/1/0513/3775/6828/files/The_35peel_2.webp?v=1697445075,https://cdn.shopify.com/s/files/1/0513/3775/6828/files/The_35peel_3.webp?v=1724836985,https://cdn.shopify.com/s/files/1/0513/3775/6828/files/The_35peel_18.webp?v=1724836987,https://cdn.shopify.com/s/files/1/0513/3775/6828/files/The_35peel_5.webp?v=1724836988,https://cdn.shopify.com/s/files/1/0513/3775/6828/files/The_35peel_6.webp?v=1724836990,https://cdn.shopify.com/s/files/1/0513/3775/6828/files/The_35peel_7.webp?v=1697445085,https://cdn.shopify.com/s/files/1/0513/3775/6828/files/The_35peel_8.webp?v=1724836994,https://cdn.shopify.com/s/files/1/0513/3775/6828/files/The_35peel_9.webp?v=1697445089,https://cdn.shopify.com/s/files/1/0513/3775/6828/files/The_35peel_11_2.webp?v=1697445091,https://cdn.shopify.com/s/files/1/0513/3775/6828/files/The_35peel_12.webp?v=1697445093,https://cdn.shopify.com/s/files/1/0513/3775/6828/files/The_35peel_13.webp?v=1697445095,https://cdn.shopify.com/s/files/1/0513/3775/6828/files/The_35peel_14.webp?v=1724837003,https://cdn.shopify.com/s/files/1/0513/3775/6828/files/The_35peel_17.webp?v=1724837005,https://cdn.shopify.com/s/files/1/0513/3775/6828/files/The_35peel_15.webp?v=1724837006",,30mL (1.01 fl.oz.)
Advanced Snail 92 All in One Cream_CPNP,125.0,"https://cdn.shopify.com/s/files/1/0513/3775/6828/files/snail_cream_thumbnail.png?v=1748420673,https://cdn.shopify.com/s/files/1/0513/3775/6828/files/advanced-snail-92-all-in-one-cream-cosrx-official-4.jpg?v=1762909943,https://cdn.shopify.com/s/files/1/0513/3775/6828/files/advanced-snail-92-all-in-one-cream-cosrx-official-2.jpg?v=1762909943,https://cdn.shopify.com/s/files/1/0513/3775/6828/files/advanced-snail-92-all-in-one-cream-cosrx-official-3.jpg?v=1762909943,https://cdn.shopify.com/s/files/1/0513/3775/6828/files/advanced-snail-92-all-in-one-cream-cosrx-official-5.jpg?v=1762909943,https://cdn.shopify.com/s/files/1/0513/3775/6828/files/advanced-snail-92-all-in-one-cream-cosrx-official-6.jpg?v=1762909943,https://cdn.shopify.com/s/files/1/0513/3775/6828/files/advanced-snail-92-all-in-one-cream-cosrx-official-8.jpg?v=1762909943,https://cdn.shopify.com/s/files/1/0513/3775/6828/files/advanced-snail-92-all-in-one-cream-cosrx-official-9.jpg?v=1762909943,https://cdn.shopify.com/s/files/1/0513/3775/6828/files/advanced-snail-92-all-in-one-cream-cosrx-official-10.png?v=1762909943,https://cdn.shopify.com/s/files/1/0513/3775/6828/files/advanced-snail-92-all-in-one-cream-cosrx-official-11.jpg?v=1762909943,https://cdn.shopify.com/s/files/1/0513/3775/6828/files/advanced-snail-92-all-in-one-cream-cosrx-official-12.jpg?v=1762909943,https://cdn.shopify.com/s/files/1/0513/3775/6828/files/advanced-snail-92-all-in-one-cream-cosrx-official-13.jpg?v=1762909943,https://cdn.shopify.com/s/files/1/0513/3775/6828/files/800x1067____231120.webp?v=1762909943,https://cdn.shopify.com/s/files/1/0513/3775/6828/files/advanced-snail-92-all-in-one-cream-cosrx-official-14.jpg?v=1762909943,https://cdn.shopify.com/s/files/1/0513/3775/6828/files/5_bc6986a1-1b85-42ce-b761-6bc4acbb07a3.png?v=1757571879,https://cdn.shopify.com/s/files/1/0513/3775/6828/files/advanced-snail-92-all-in-one-cream-cosrx-official-15.jpg?v=1757571879,https://cdn.shopify.com/s/files/1/0513/3775/6828/files/advanced-snail-92-all-in-one-cream-cosrx-official-16.jpg?v=1762909943,https://cdn.shopify.com/s/files/1/0513/3775/6828/files/SnailCream200g_800x1067_47f7bb84-ae86-468e-85ca-b86beb3a2f7c.jpg?v=1757571879",,"50g (1.76 oz), 100g (3.52 oz)"
The Vitamin C 13 Serum,170.0,"https://cdn.shopify.com/s/files/1/0513/3775/6828/files/The_VitaminC13_00.webp?v=1762850506,https://cdn.shopify.com/s/files/1/0513/3775/6828/files/The_VitaminC13_01__2.webp?v=1762850506,https://cdn.shopify.com/s/files/1/0513/3775/6828/files/VitaminC__-__1.jpg?v=1780659273,https://cdn.shopify.com/s/files/1/0513/3775/6828/files/The_VitaminC13_02.webp?v=1762850506,https://cdn.shopify.com/s/files/1/0513/3775/6828/files/The_VitaminC13_03.webp?v=1762850506,https://cdn.shopify.com/s/files/1/0513/3775/6828/files/The_VitaminC13_04.webp?v=1762850506,https://cdn.shopify.com/s/files/1/0513/3775/6828/files/The_VitaminC13_05.webp?v=1762850506,https://cdn.shopify.com/s/files/1/0513/3775/6828/files/The_VitaminC13_06.webp?v=1762850506,https://cdn.shopify.com/s/files/1/0513/3775/6828/files/The_VitaminC13_07.webp?v=1762850506,https://cdn.shopify.com/s/files/1/0513/3775/6828/files/The_VitaminC13_08__4.webp?v=1762850506,https://cdn.shopify.com/s/files/1/0513/3775/6828/files/The_VitaminC13_09.webp?v=1762850506,https://cdn.shopify.com/s/files/1/0513/3775/6828/files/The_VitaminC13_10.webp?v=1762850506,https://cdn.shopify.com/s/files/1/0513/3775/6828/files/The_VitaminC13_11.webp?v=1762850506,https://cdn.shopify.com/s/files/1/0513/3775/6828/files/The_VitaminC13_12.webp?v=1762850506,https://cdn.shopify.com/s/files/1/0513/3775/6828/files/The_VitaminC13_13.webp?v=1762850506,https://cdn.shopify.com/s/files/1/0513/3775/6828/files/The_VitaminC13_14.webp?v=1762850506,https://cdn.shopify.com/s/files/1/0513/3775/6828/files/The_VitaminC13_15.webp?v=1762850506,https://cdn.shopify.com/s/files/1/0513/3775/6828/files/The_VitaminC13_16.webp?v=1762850506,https://cdn.shopify.com/s/files/1/0513/3775/6828/files/The_VitaminC13_17.webp?v=1762850506,https://cdn.shopify.com/s/files/1/0513/3775/6828/files/The_VitaminC13_18.webp?v=1762850506,https://cdn.shopify.com/s/files/1/0513/3775/6828/files/The_VitaminC13_19.webp?v=1762850506",,20ml / 0.67fl. oz
The Alpha-Arbutin 2 Discoloration Care Serum,205.0,"https://cdn.shopify.com/s/files/1/0513/3775/6828/files/Alpha-Albutin_800x1067_9f78595b-1e4f-4147-a56c-aade2a3286da.jpg?v=1726731345,https://cdn.shopify.com/s/files/1/0513/3775/6828/files/The_Alpha-arbutin_2_Serum_01.jpg?v=1726731347,https://cdn.shopify.com/s/files/1/0513/3775/6828/files/The_Alpha-arbutin_2_Serum_02.jpg?v=1726731349,https://cdn.shopify.com/s/files/1/0513/3775/6828/files/The_Alpha-arbutin_2_Serum_03.jpg?v=1726731351,https://cdn.shopify.com/s/files/1/0513/3775/6828/files/The-Alpha-arbutin-2-Serum_19.jpg?v=1729842704,https://cdn.shopify.com/s/files/1/0513/3775/6828/files/The_Alpha-arbutin_2_Serum_04.jpg?v=1726731353,https://cdn.shopify.com/s/files/1/0513/3775/6828/files/The_Alpha-arbutin_2_Serum_05__2.jpg?v=1726731355,https://cdn.shopify.com/s/files/1/0513/3775/6828/files/The_Alpha-arbutin_2_Serum_06__3.jpg?v=1726731357,https://cdn.shopify.com/s/files/1/0513/3775/6828/files/The_Alpha-arbutin_2_Serum_07__2.jpg?v=1726731359,https://cdn.shopify.com/s/files/1/0513/3775/6828/files/The_Alpha-arbutin_2_Serum_09__2.jpg?v=1726731361,https://cdn.shopify.com/s/files/1/0513/3775/6828/files/The_Alpha-arbutin_2_Serum_10.jpg?v=1726731363,https://cdn.shopify.com/s/files/1/0513/3775/6828/files/The_Alpha-arbutin_2_Serum_11.jpg?v=1726731365,https://cdn.shopify.com/s/files/1/0513/3775/6828/files/The_Alpha-arbutin_2_Serum_12__2.jpg?v=1726731367,https://cdn.shopify.com/s/files/1/0513/3775/6828/files/The_Alpha-arbutin_2_Serum_13.jpg?v=1726731369,https://cdn.shopify.com/s/files/1/0513/3775/6828/files/The_Alpha-arbutin_2_Serum_14.jpg?v=1726731371,https://cdn.shopify.com/s/files/1/0513/3775/6828/files/The_Alpha-arbutin_2_Serum_15.jpg?v=1726731373,https://cdn.shopify.com/s/files/1/0513/3775/6828/files/The_Alpha-arbutin_2_Serum_16.jpg?v=1726731374,https://cdn.shopify.com/s/files/1/0513/3775/6828/files/The_Alpha-arbutin_2_Serum_17.jpg?v=1726731376,https://cdn.shopify.com/s/files/1/0513/3775/6828/files/The_Alpha-arbutin_2_Serum_18__2.jpg?v=1726731378",,1.69 fl.oz / 50ml
COSRX PEPTIDE-132 Ultra Perfect Hair Bonding Treatment,97.0,"https://cdn.shopify.com/s/files/1/0513/3775/6828/files/Peptide_132_00_Treatment.webp?v=1773219354,https://cdn.shopify.com/s/files/1/0513/3775/6828/files/Peptide_132_mini_Kit_04_9fcf15b2-e711-4459-ac5a-c56112b97d9a.jpg?v=1773221461,https://cdn.shopify.com/s/files/1/0513/3775/6828/files/Peptide_132_04_Treatment_0f552864-ccf5-40fa-817d-e80960126402.webp?v=1774588896,https://cdn.shopify.com/s/files/1/0513/3775/6828/files/Peptide_132_06_08007346-18d7-4ac5-96b2-45b453760ffb.webp?v=1774588896,https://cdn.shopify.com/s/files/1/0513/3775/6828/files/Peptide_132_07_Treatment.webp?v=1774588896,https://cdn.shopify.com/s/files/1/0513/3775/6828/files/Peptide_132_11_Treatment.webp?v=1773221461,https://cdn.shopify.com/s/files/1/0513/3775/6828/files/Peptide_132_14_Treatment_4ee0ae83-df17-4fcc-8b37-cd8c83b64f0f.webp?v=1773221461,https://cdn.shopify.com/s/files/1/0513/3775/6828/files/Peptide_132_15_Treatment_5fb3b4ba-4207-4a84-883b-00cd41967bf3.webp?v=1773221461,https://cdn.shopify.com/s/files/1/0513/3775/6828/files/Peptide_132_16_Treatment.webp?v=1773221461,https://cdn.shopify.com/s/files/1/0513/3775/6828/files/Peptide_132_mini_Kit_07.jpg?v=1773221461,https://cdn.shopify.com/s/files/1/0513/3775/6828/files/Peptide_132_17.jpg?v=1774589017,https://cdn.shopify.com/s/files/1/0513/3775/6828/files/Peptide_132_18_89222389-552a-4317-b96c-4f98fe172982.webp?v=1774588957,https://cdn.shopify.com/s/files/1/0513/3775/6828/files/Peptide_132_Treatment_03_240ml_2a7ab6bc-a56d-49b1-bc67-77fb5bec8de5.jpg?v=1774588957,https://cdn.shopify.com/s/files/1/0513/3775/6828/files/Peptide_132_Treatment_02_120ml_67ffa861-f16d-441a-bb4f-890861898087.jpg?v=1774588957,https://cdn.shopify.com/s/files/1/0513/3775/6828/files/Peptide_132_Treatment_01_60ml_5307dc32-bcf0-43f6-b7c2-0d601c1d9dfc.jpg?v=1774588957,https://cdn.shopify.com/s/files/1/0513/3775/6828/files/Peptide_132_Treatment_02_120ml_74dd6f06-574f-4931-99e6-b5541f3521af.jpg?v=1774588957",,60 mL (2.02 fl. oz.) / 120 mL (4.05 fl. oz.) / 240 mL (8.11 fl. oz.)
COSRX PEPTIDE-132 Ultra Perfect Hair Bonding Shampoo,97.0,"https://cdn.shopify.com/s/files/1/0513/3775/6828/files/Peptide_132_00_Shampoo.webp?v=1773219196,https://cdn.shopify.com/s/files/1/0513/3775/6828/files/Peptide_132_mini_Kit_09.webp?v=1773221391,https://cdn.shopify.com/s/files/1/0513/3775/6828/files/Peptide_132_04_Shampoo_21a60ba4-e63c-48ea-b38c-e6e431e79e12.webp?v=1773221391,https://cdn.shopify.com/s/files/1/0513/3775/6828/files/Peptide_132_06_08007346-18d7-4ac5-96b2-45b453760ffb.webp?v=1774588896,https://cdn.shopify.com/s/files/1/0513/3775/6828/files/Peptide_132_08_Shampoo.webp?v=1774588896,https://cdn.shopify.com/s/files/1/0513/3775/6828/files/Peptide_132_13_Shampoo_b7c4f61d-c1ed-4586-9383-53a4b21e1aab.webp?v=1773221391,https://cdn.shopify.com/s/files/1/0513/3775/6828/files/Peptide_132_14_Shampoo_58af6794-f376-4cb9-9d61-b7ea88ec08a2.webp?v=1773221391,https://cdn.shopify.com/s/files/1/0513/3775/6828/files/Peptide_132_15_Shampoo_97b441cd-d034-487c-ad7e-10cdf0054ff7.webp?v=1773221391,https://cdn.shopify.com/s/files/1/0513/3775/6828/files/Peptide_132_16_Shampoo_658fd783-e083-4428-8ac0-9bf2bb4e16eb.webp?v=1773221391,https://cdn.shopify.com/s/files/1/0513/3775/6828/files/Peptide_132_17.jpg?v=1774589017,https://cdn.shopify.com/s/files/1/0513/3775/6828/files/Peptide_132_18_1c02f14d-c751-4788-bc90-af4002f2fcc8.webp?v=1774588991,https://cdn.shopify.com/s/files/1/0513/3775/6828/files/Peptide_132_Shampoo_03_400ml_7771cfaa-f0cf-4251-8469-24ee6deb69e8.jpg?v=1774588991,https://cdn.shopify.com/s/files/1/0513/3775/6828/files/Peptide_132_Shampoo_02_200ml_e4de4bd5-bd4a-40b7-a2fc-a652396ab304.jpg?v=1774588991,https://cdn.shopify.com/s/files/1/0513/3775/6828/files/Peptide_132_Shampoo_01_100ml_5ad47732-fbfa-42e0-9670-b33bae200e2d.jpg?v=1774588991",,100 mL (3.38 fl. oz.) / 200 mL (6.76 fl. oz.) / 400 mL (13.52 fl. oz.)
The Retinol 0.5 Oil,220.0,"https://cdn.shopify.com/s/files/1/0513/3775/6828/files/the-retinol-0-5-oil-cosrx-official-1.jpg?v=1724836571,https://cdn.shopify.com/s/files/1/0513/3775/6828/files/the-retinol-0-5-oil-cosrx-official-2.jpg?v=1724836574,https://cdn.shopify.com/s/files/1/0513/3775/6828/files/the-retinol-0-5-oil-cosrx-official-3.jpg?v=1724836576,https://cdn.shopify.com/s/files/1/0513/3775/6828/files/the-retinol-0-5-oil-cosrx-official-4.jpg?v=1724836578,https://cdn.shopify.com/s/files/1/0513/3775/6828/files/the-retinol-0-5-oil-cosrx-official-5.jpg?v=1724836580,https://cdn.shopify.com/s/files/1/0513/3775/6828/files/the-retinol-0-5-oil-cosrx-official-6.jpg?v=1724836582,https://cdn.shopify.com/s/files/1/0513/3775/6828/files/the-retinol-0-5-oil-cosrx-official-7.jpg?v=1724836584,https://cdn.shopify.com/s/files/1/0513/3775/6828/files/the-retinol-0-5-oil-cosrx-official-8.jpg?v=1724836587,https://cdn.shopify.com/s/files/1/0513/3775/6828/files/the-retinol-0-5-oil-cosrx-official-9.jpg?v=1724836589,https://cdn.shopify.com/s/files/1/0513/3775/6828/files/TheRetinol03Cream_16_5c25bd02-e692-474c-b171-4c499bd29146.webp?v=1699580195,https://cdn.shopify.com/s/files/1/0513/3775/6828/files/the-retinol-0-5-oil-cosrx-official-11.jpg?v=1724836593",,20ml / 0.67fl. Oz
COSRX PEPTIDE-132 Ultra Perfect Hair Bonding Oil Serum,185.0,"https://cdn.shopify.com/s/files/1/0513/3775/6828/files/Peptide_132_00_OilSerum.webp?v=1750221847,https://cdn.shopify.com/s/files/1/0513/3775/6828/files/Peptide_132_04_OilSerum.webp?v=1750844824,https://cdn.shopify.com/s/files/1/0513/3775/6828/files/Peptide_132_06_7457d606-fad1-4d14-8493-1c3106e24248.webp?v=1750844824,https://cdn.shopify.com/s/files/1/0513/3775/6828/files/Peptide_132_08_OilSerum.webp?v=1750844824,https://cdn.shopify.com/s/files/1/0513/3775/6828/files/Peptide_132_09_OilSerum.webp?v=1750844824,https://cdn.shopify.com/s/files/1/0513/3775/6828/files/Peptide_132_15_OilSerum_a579010a-e9a3-41d8-b87f-a32c03cfa552.webp?v=1750844824,https://cdn.shopify.com/s/files/1/0513/3775/6828/files/Peptide_132_16_OilSerum.webp?v=1750844824,https://cdn.shopify.com/s/files/1/0513/3775/6828/files/Peptide_132_17_OilSerum.webp?v=1750844824,https://cdn.shopify.com/s/files/1/0513/3775/6828/files/Peptide_132_07.jpg?v=1752205437,https://cdn.shopify.com/s/files/1/0513/3775/6828/files/Peptide_132_19.webp?v=1774589017",,28 mL / 0.94 fl. oz.
Advanced Snail 96 Mucin Power Essence,160.0,"https://cdn.shopify.com/s/files/1/0513/3775/6828/files/james_800x1067_1_1_4e9750cc-2cd6-4817-ace5-be2305a85806.jpg?v=1763111577,https://cdn.shopify.com/s/files/1/0513/3775/6828/files/advanced-snail-96-mucin-power-essence-cosrx-official-4.jpg?v=1763111577,https://cdn.shopify.com/s/files/1/0513/3775/6828/files/Snail96Essence_8.jpg?v=1763111577,https://cdn.shopify.com/s/files/1/0513/3775/6828/files/advanced-snail-96-mucin-power-essence-cosrx-official-3.jpg?v=1763111577,https://cdn.shopify.com/s/files/1/0513/3775/6828/files/advanced-snail-96-mucin-power-essence-cosrx-official-5.png?v=1763111577,https://cdn.shopify.com/s/files/1/0513/3775/6828/files/advanced-snail-96-mucin-power-essence-cosrx-official-6.jpg?v=1763111577,https://cdn.shopify.com/s/files/1/0513/3775/6828/files/advanced-snail-96-mucin-power-essence-cosrx-official-7.jpg?v=1763111577,https://cdn.shopify.com/s/files/1/0513/3775/6828/files/advanced-snail-96-mucin-power-essence-cosrx-official-8.jpg?v=1763111577,https://cdn.shopify.com/s/files/1/0513/3775/6828/files/advanced-snail-96-mucin-power-essence-cosrx-official-9.jpg?v=1763111577,https://cdn.shopify.com/s/files/1/0513/3775/6828/files/800x1067____231120_e9c80f69-91e9-4f80-99f4-e62372240f7b.webp?v=1763111577,https://cdn.shopify.com/s/files/1/0513/3775/6828/files/260722_snailmucin_800x1067_79f91ebd-dde6-45a1-9928-1d6af0daae17.jpg?v=1784707120,https://cdn.shopify.com/s/files/1/0513/3775/6828/files/260722_snail_mucin50ml_800x1067_3a819f68-26dc-4b26-b84b-6618538a788d.jpg?v=1784707106,https://cdn.shopify.com/s/files/1/0513/3775/6828/files/advanced-snail-96-mucin-power-essence-cosrx-official-10.jpg?v=1763111577",,3.38 fl.oz / 100mL
COSRX The Peptide Collagen Lifting Glow Hydrogel Mask,58.0,"https://cdn.shopify.com/s/files/1/0513/3775/6828/files/Peptide_Hydrogel_Mask_00.webp?v=1749777658,https://cdn.shopify.com/s/files/1/0513/3775/6828/files/Peptide_Hydrogel_Mask_02_160c1dea-715a-4437-82c1-9dcfe8a265f6.webp?v=1780289432,https://cdn.shopify.com/s/files/1/0513/3775/6828/files/Peptide_Hydrogel_Mask_03.webp?v=1746780112,https://cdn.shopify.com/s/files/1/0513/3775/6828/files/Peptide_Hydrogel_Mask_05_9bb486f6-9873-46b9-b16f-7c88eb905a85.webp?v=1780289431,https://cdn.shopify.com/s/files/1/0513/3775/6828/files/Peptide_Hydrogel_Mask_07_5cf05402-4b13-4598-a45f-7f2f21fec5b4.webp?v=1780289431,https://cdn.shopify.com/s/files/1/0513/3775/6828/files/Peptide_Hydrogel_Mask_08.webp?v=1746780161,https://cdn.shopify.com/s/files/1/0513/3775/6828/files/Peptide_Hydrogel_Mask_09_1b39fae7-6cb4-4fdb-8556-592100de417a.webp?v=1780289431,https://cdn.shopify.com/s/files/1/0513/3775/6828/files/Peptide_Hydrogel_Mask_10.webp?v=1746780161,https://cdn.shopify.com/s/files/1/0513/3775/6828/files/Peptide_Hydrogel_Mask_11.webp?v=1746780161,https://cdn.shopify.com/s/files/1/0513/3775/6828/files/Peptide_Hydrogel_Mask_12.webp?v=1746780161,https://cdn.shopify.com/s/files/1/0513/3775/6828/files/Peptide_Hydrogel_Mask_13.webp?v=1746780161,https://cdn.shopify.com/s/files/1/0513/3775/6828/files/Peptide_Hydrogel_Mask_14.webp?v=1746780161,https://cdn.shopify.com/s/files/1/0513/3775/6828/files/Peptide_Hydrogel_Mask_15__2.webp?v=1780289431,https://cdn.shopify.com/s/files/1/0513/3775/6828/files/Peptide_Hydrogel_Mask_16_21473bae-573f-475d-bdde-11b04906bd9d.webp?v=1780289432,https://cdn.shopify.com/s/files/1/0513/3775/6828/files/Peptide_Hydrogel_Mask_17.webp?v=1746780161,https://cdn.shopify.com/s/files/1/0513/3775/6828/files/5PDRN_Hydrogel_Mask_21.webp?v=1775194995,https://cdn.shopify.com/s/files/1/0513/3775/6828/files/Peptide_Hydrogel_Mask_19.webp?v=1746780161,https://cdn.shopify.com/s/files/1/0513/3775/6828/files/Peptide_Hydrogel_Mask_20_f85c2e12-15f9-423f-818b-f47490d7bd22.webp?v=1780289431,https://cdn.shopify.com/s/files/1/0513/3775/6828/files/250407_HydrogelMask4441_R1.webp?v=1754898195",,"3ea, 1ea"
COSRX 5 PDRN Collagen Vitalizing Hydrogel Eye Patch,185.0,"https://cdn.shopify.com/s/files/1/0513/3775/6828/files/5PDRN_EyePatch_00.webp?v=1772608315,https://cdn.shopify.com/s/files/1/0513/3775/6828/files/5PDRN_EyePatch_01.webp?v=1772608315,https://cdn.shopify.com/s/files/1/0513/3775/6828/files/5PDRN_EyePatch_02.webp?v=1772608315,https://cdn.shopify.com/s/files/1/0513/3775/6828/files/5PDRN_EyePatch_03_8bd422aa-f32b-4332-870b-0b2f5bfed3a1.webp?v=1772759966,https://cdn.shopify.com/s/files/1/0513/3775/6828/files/5PDRN_EyePatch_04.webp?v=1772759966,https://cdn.shopify.com/s/files/1/0513/3775/6828/files/5PDRN_EyePatch_05.webp?v=1772759966,https://cdn.shopify.com/s/files/1/0513/3775/6828/files/5PDRN_EyePatch_07.webp?v=1772759966,https://cdn.shopify.com/s/files/1/0513/3775/6828/files/5PDRN_EyePatch_08_abec475b-8a49-4ad8-b363-9a88957bec31.webp?v=1772759966,https://cdn.shopify.com/s/files/1/0513/3775/6828/files/5PDRN_EyePatch_09.webp?v=1772759966,https://cdn.shopify.com/s/files/1/0513/3775/6828/files/5PDRN_EyePatch_11.webp?v=1772759966,https://cdn.shopify.com/s/files/1/0513/3775/6828/files/5PDRN_EyePatch_13_db2af273-c0e2-465b-bf71-5c7f3743b889.webp?v=1772759966,https://cdn.shopify.com/s/files/1/0513/3775/6828/files/5PDRN_EyePatch_14.webp?v=1772759966,https://cdn.shopify.com/s/files/1/0513/3775/6828/files/5PDRN_EyePatch_15.webp?v=1772759966,https://cdn.shopify.com/s/files/1/0513/3775/6828/files/5PDRN_EyePatch_16.webp?v=1772759966,https://cdn.shopify.com/s/files/1/0513/3775/6828/files/5PDRN_EyePatch_17.webp?v=1772759966,https://cdn.shopify.com/s/files/1/0513/3775/6828/files/5PDRN_EyePatch_18.webp?v=1772759966,https://cdn.shopify.com/s/files/1/0513/3775/6828/files/5PDRN_EyePatch_19.webp?v=1772759966,https://cdn.shopify.com/s/files/1/0513/3775/6828/files/5PDRN_EyePatch_20.webp?v=1772759966,https://cdn.shopify.com/s/files/1/0513/3775/6828/files/5PDRN_EyePatch_21.webp?v=1772759966,https://cdn.shopify.com/s/files/1/0513/3775/6828/files/5PDRN_EyePatch_22.webp?v=1772759966,https://cdn.shopify.com/s/files/1/0513/3775/6828/files/5PDRN_EyePatch_23.webp?v=1772759966",,60 patches (85g)
One Step Original Clear Skin Calming Pad,228.0,"https://cdn.shopify.com/s/files/1/0513/3775/6828/files/OneStep_Calming_Pad_00.jpg?v=1774854164,https://cdn.shopify.com/s/files/1/0513/3775/6828/files/OneStep_Calming_Pad_03.jpg?v=1774854164,https://cdn.shopify.com/s/files/1/0513/3775/6828/files/OneStep_Calming_Pad_04.jpg?v=1774854164,https://cdn.shopify.com/s/files/1/0513/3775/6828/files/OneStep_Calming_Pad_05.jpg?v=1774854164,https://cdn.shopify.com/s/files/1/0513/3775/6828/files/OneStep_Calming_Pad_06.jpg?v=1774854164,https://cdn.shopify.com/s/files/1/0513/3775/6828/files/OneStep_Calming_Pad_07.jpg?v=1774854164,https://cdn.shopify.com/s/files/1/0513/3775/6828/files/OneStep_Calming_Pad_08.jpg?v=1774854164,https://cdn.shopify.com/s/files/1/0513/3775/6828/files/OneStep_Calming_Pad_09.jpg?v=1774854164,https://cdn.shopify.com/s/files/1/0513/3775/6828/files/OneStep_Calming_Pad_11.jpg?v=1774854164,https://cdn.shopify.com/s/files/1/0513/3775/6828/files/OneStep_Calming_Pad_13.jpg?v=1774854164,https://cdn.shopify.com/s/files/1/0513/3775/6828/files/OneStep_Calming_Pad_18.jpg?v=1774854164,https://cdn.shopify.com/s/files/1/0513/3775/6828/files/OneStep_Calming_Pad_19.jpg?v=1774854164",,100 Pads / 9.46 fl. oz. (280mL)
Advanced Snail Mucin Glass Glow Hydrogel Mask,58.0,"https://cdn.shopify.com/s/files/1/0513/3775/6828/files/Snail_Hydrogel_Mask_BAZAAR.jpg?v=1759391631,https://cdn.shopify.com/s/files/1/0513/3775/6828/files/Snail_Hydrogel_Mask_01__2.jpg?v=1775196344,https://cdn.shopify.com/s/files/1/0513/3775/6828/files/Snail_Hydrogel_Mask_02__4.jpg?v=1775196344,https://cdn.shopify.com/s/files/1/0513/3775/6828/files/Snail_Hydrogel_Mask_05__3.jpg?v=1775196344,https://cdn.shopify.com/s/files/1/0513/3775/6828/files/Snail_Hydrogel_Mask_06__2.jpg?v=1775196344,https://cdn.shopify.com/s/files/1/0513/3775/6828/files/Snail_Hydrogel_Mask_07__2.jpg?v=1775196344,https://cdn.shopify.com/s/files/1/0513/3775/6828/files/Snail_Hydrogel_Mask_08__2.jpg?v=1775196344,https://cdn.shopify.com/s/files/1/0513/3775/6828/files/Snail_Hydrogel_Mask_09__2.jpg?v=1775196344,https://cdn.shopify.com/s/files/1/0513/3775/6828/files/Snail_Hydrogel_Mask_10__2.jpg?v=1775196344,https://cdn.shopify.com/s/files/1/0513/3775/6828/files/Snail_Hydrogel_Mask_11__2.jpg?v=1775196344,https://cdn.shopify.com/s/files/1/0513/3775/6828/files/Snail_Hydrogel_Mask_12__2.jpg?v=1775196344,https://cdn.shopify.com/s/files/1/0513/3775/6828/files/Snail_Hydrogel_Mask_14__2.jpg?v=1775196344,https://cdn.shopify.com/s/files/1/0513/3775/6828/files/Snail_Hydrogel_Mask_15.jpg?v=1775196344,https://cdn.shopify.com/s/files/1/0513/3775/6828/files/Snail_Hydrogel_Mask_16.jpg?v=1775196344,https://cdn.shopify.com/s/files/1/0513/3775/6828/files/1_b033c958-e756-4b27-ba08-55ef9a5f0b87.png?v=1775196344",,"3ea, 1ea"
Advanced Snail Hydrogel Eye Patch,230.0,"https://cdn.shopify.com/s/files/1/0513/3775/6828/files/AnyConv.com__Snail-eye-patch2_800x1067_e8793905-5ab9-4172-a398-5d25b6cf39cc.webp?v=1765523642,https://cdn.shopify.com/s/files/1/0513/3775/6828/files/advanced-snail-hydrogel-eye-patch-cosrx-official-2.jpg?v=1765523642,https://cdn.shopify.com/s/files/1/0513/3775/6828/files/advanced-snail-hydrogel-eye-patch-cosrx-official-3.jpg?v=1765523642,https://cdn.shopify.com/s/files/1/0513/3775/6828/files/advanced-snail-hydrogel-eye-patch-cosrx-official-4.jpg?v=1765523642,https://cdn.shopify.com/s/files/1/0513/3775/6828/files/advanced-snail-hydrogel-eye-patch-cosrx-official-5.jpg?v=1765523642,https://cdn.shopify.com/s/files/1/0513/3775/6828/files/advanced-snail-hydrogel-eye-patch-cosrx-official-6.jpg?v=1765523642,https://cdn.shopify.com/s/files/1/0513/3775/6828/files/advanced-snail-hydrogel-eye-patch-cosrx-official-7.jpg?v=1765523642,https://cdn.shopify.com/s/files/1/0513/3775/6828/files/advanced-snail-hydrogel-eye-patch-cosrx-official-8.jpg?v=1765523642",,60 patches / 3.17 oz
